Title,Date
"Erin Brockovich","2019-11-16"
"Queer Eye: We're in Japan!: Season 1: Crazy in Love","2019-11-15"
"Queer Eye: We're in Japan!: Season 1: Japanese Holiday","2019-11-15"
"Rotten: Season 2: The Avocado War","2019-11-12"
"Midnight Diner: Tokyo Stories: Season 1: Tan Men","2019-11-12"
"Seth Meyers: Lobby Baby","2019-11-10"
"Wild Wild Country: Season 1: Part 6","2019-11-08"
"The Office (U.S.): Season 1: Pilot","2019-11-08"
"Wild Wild Country: Season 1: Part 3","2019-11-07"
"Our Planet - Behind The Scenes","2019-11-06"
"Our Planet: Season 1: Forests","2019-11-06"
"Our Planet: Season 1: Fresh Water","2019-11-06"
"Planet Earth II: Cities","2019-11-05"
"Planet Earth II: Grasslands","2019-11-05"
"Wild Wild Country: Season 1: Part 5","2019-11-05"
"Planet Earth II: Deserts","2019-11-03"
"Planet Earth II: Mountains","2019-11-03"
"Wild Wild Country: Season 1: Part 4","2019-11-03"
"Drive","2019-11-03"
"Friends: Season 7: The One with Phoebe's Cookies","2019-11-02"
"Friends: Season 7: The One with Rachel's Book","2019-11-02"
"Friends: Season 7: The One with Monica's Thunder","2019-11-02"
"Breakfast, Lunch & Dinner: Season 1: Marrakesh with Chrissy Teigen","2019-11-02"
"Wild Wild Country: Season 1: Part 2","2019-11-02"
"Wild Wild Country: Season 1: Part 1","2019-11-02"
"Patriot Act with Hasan Minhaj: Volume 4: The Broken Policing System","2019-11-02"
"The Game Changers","2019-11-02"
"Jenny Slate: Stage Fright","2019-10-30"
"The Laundromat","2019-10-30"
"BoJack Horseman: Season 6: A Quick One, While He's Away","2019-10-30"
"BoJack Horseman: Season 5: Free Churro","2019-10-29"
"My Next Guest Needs No Introduction With David Letterman: Season 2: Bonus: Zach Galifianakis","2019-10-28"
"My Next Guest with David Letterman and Shah Rukh Khan","2019-10-28"
"Breakfast, Lunch & Dinner: Season 1: Vancouver with Seth Rogen","2019-10-26"
"Planet Earth II: Islands","2019-10-19"
"Planet Earth II: Jungles","2019-10-19"
"This Is Us: Season 1: Pilot","2019-10-17"
"Pretty Little Liars: Season 1: Pilot","2019-10-17"
"Explained: Season 2: Animal Intelligence","2019-10-17"
"Explained: Season 2: Athleisure","2019-10-17"
"The Good Place: Season 1: Flying","2019-10-15"
"The Good Place: Season 1: Everything Is Fine","2019-10-15"
"Inside Bill's Brain: Decoding Bill Gates: Limited Series: Part 1","2019-09-28"
"Friends: Season 6: The One with the Proposal: Part 2","2019-09-24"
"Friends: Season 6: The One with the Proposal: Part 1","2019-09-24"
"Friends: Season 6: The One with the Ring","2019-09-24"
"Friends: Season 6: The One Where Paul's the Man","2019-09-24"
"Friends: Season 6: The One Where Ross Meets Elizabeth's Dad","2019-09-24"
"Friends: Season 6: The One with Mac and C.H.E.E.S.E","2019-09-24"
"Friends: Season 6: The One with Joey's Fridge","2019-09-16"
"Friends: Season 6: The One Where Ross Dates a Student","2019-09-16"
"Friends: Season 6: The One with Unagi","2019-09-16"
"Friends: Season 6: The One That Could Have Been: Part 2","2019-09-16"
"Friends: Season 6: The One That Could Have Been: Part 1","2019-09-16"
"Friends: Season 6: The One Where Chandler Can't Cry","2019-09-16"
"Friends: Season 6: The One with Rachel's Sister","2019-09-16"
"Friends: Season 6: The One with the Joke","2019-09-16"
"Capernaum","2019-09-16"
"The Mind, Explained: Limited Series: Dreams","2019-09-14"
"The Mind, Explained: Limited Series: Memory","2019-09-14"
"Hello, Privilege. It's Me, Chelsea","2019-09-14"
"Friends: Season 6: The One with the Apothecary Table","2019-09-13"
"Friends: Season 6: The One with the Routine","2019-09-13"
"Friends: Season 6: The One Where Ross Got High","2019-09-12"
"Friends: Season 6: The One with Ross's Teeth","2019-09-12"
"Friends: Season 6: The One Where Phoebe Runs","2019-09-12"
"Friends: Season 6: The One on the Last Night","2019-09-12"
"Friends: Season 6: The One with Joey's Porsche","2019-09-12"
"Friends: Season 6: The One Where Joey Loses His Insurance","2019-09-11"
"Friends: Season 6: The One with Ross's Denial","2019-09-11"
"The World's Most Extraordinary Homes: Season 2 Part B: Spain","2019-09-11"
"Friends: Season 6: The One Where Ross Hugs Rachel","2019-09-10"
"Friends: Season 6: The One After Vegas","2019-09-10"
"Friends: Season 5: The One in Vegas: Part 2","2019-09-10"
"Friends: Season 5: The One in Vegas: Part 1","2019-09-06"
"Friends: Season 5: The One with Joey's Big Break","2019-09-06"
"Friends: Season 5: The One with the Ball","2019-09-04"
"Friends: Season 5: The One with the Ride-Along","2019-09-04"
"Friends: Season 5: The One Where Ross Can't Flirt","2019-09-04"
"Friends: Season 5: The One Where Rachel Smokes","2019-09-04"
"Friends: Season 5: The One with Rachel's Inadvertent Kiss","2019-09-03"
"Friends: Season 5: The One with the Cop","2019-09-03"
"Friends: Season 5: The One with the Girl Who Hits Joey","2019-09-02"
"Friends: Season 5: The One Where Everybody Finds Out","2019-09-02"
"Friends: Season 5: The One with Joey's Bag","2019-09-01"
"Friends: Season 5: The One with Chandler's Work Laugh","2019-09-01"
"Friends: Season 5: The One with All the Resolutions","2019-09-01"
"Friends: Season 5: The One with the Inappropriate Sister","2019-09-01"
"Friends: Season 5: The One with Ross's Sandwich","2019-08-31"
"Friends: Season 5: The One with All the Thanksgivings","2019-08-31"
"Friends: Season 5: The One Where Ross Moves In","2019-08-31"
"Friends: Season 5: The One with the Yeti","2019-08-31"
"Friends: Season 5: The One with the Kips","2019-08-30"
"Friends: Season 5: The One Where Phoebe Hates PBS","2019-08-30"
"Friends: Season 5: The One Hundredth","2019-08-30"
"Friends: Season 5: The One with All the Kissing","2019-08-30"
"Friends: Season 5: The One After Ross Says Rachel","2019-08-30"
"Friends: Season 4: The One with Ross's Wedding: Part 2","2019-08-30"
"Friends: Season 4: The One with Ross's Wedding: Part 1","2019-08-30"
"Friends: Season 4: The One with the Worst Best Man Ever","2019-08-30"
"Friends: Season 4: The One with the Invitation","2019-08-30"
"Friends: Season 4: The One with the Wedding Dresses","2019-08-30"
"Friends: Season 4: The One with All the Haste","2019-08-30"
"Friends: Season 4: The One Where They're Going to Party","2019-08-30"
"Friends: Season 4: The One with Chandler in a Box","2019-08-23"
"Friends: Season 4: The One Where Chandler Crosses the Line","2019-08-23"
"Friends: Season 4: The One with the Dirty Girl","2019-08-21"
"Friends: Season 4: The One with Joey's New Girlfriend","2019-08-20"
"Friends: Season 4: The One with the Ballroom Dancing","2019-08-20"
"Friends: Season 4: The One with the 'Cuffs","2019-08-18"
"Friends: Season 4: The One with the Cat","2019-08-18"
"Friends: Season 4: The One with the Jellyfish","2019-08-18"
"Friends: Season 3: The One at the Beach","2019-08-18"
"Friends: Season 3: The One with the Ultimate Fighting Champion","2019-08-18"
"Friends: Season 3: The One with Ross's Thing","2019-08-18"
"Friends: Season 3: The One with the Screamer","2019-08-18"
"Friends: Season 3: The One with a Chick. And a Duck","2019-08-18"
"Friends: Season 3: The One with the Dollhouse","2019-08-18"
"Friends: Season 3: The One with the Tiny T-Shirt","2019-08-17"
"Friends: Season 3: The One with the Hypnosis Tape","2019-08-17"
"Friends: Season 3: The One Without the Ski Trip","2019-08-17"
"Friends: Season 3: The One The Morning After","2019-08-17"
"Friends: Season 3: The One Where Ross & Rachel Take a Break","2019-08-17"
"Friends: Season 3: The One with Phoebe's Ex-Partner","2019-08-16"
"Friends: Season 3: The One Where Monica & Richard Are Just Friends","2019-08-16"
"Friends: Season 3: The One with All the Jealousy","2019-08-14"
"Friends: Season 3: The One Where Chandler Can't Remember Which Sister","2019-08-14"
"Friends: Season 3: The One Where Rachel Quits","2019-08-14"
"Friends: Season 3: The One with the Football","2019-08-14"
"Friends: Season 3: The One with the Giant Poking Device","2019-08-14"
"Friends: Season 3: The One with the Race Car Bed","2019-08-13"
"Friends: Season 3: The One with the Flashback","2019-08-13"
"Friends: Season 3: The One with Frank Jr","2019-08-13"
"Friends: Season 3: The One with the Metaphorical Tunnel","2019-08-12"
"Friends: Season 3: The One with the Jam","2019-08-12"
"Friends: Season 3: The One Where No One's Ready","2019-08-12"
"Friends: Season 3: The One with the Princess Leia Fantasy","2019-08-12"
"Friends: Season 2: The One with Barry and Mindy's Wedding","2019-08-12"
"Friends: Season 2: The One with the Chicken Pox","2019-08-12"
"The Family: Limited Series: Submersion","2019-08-12"
"Friends: Season 2: The One with the Two Parties","2019-08-11"
"Friends: Season 2: The One with the Bullies","2019-08-11"
"Friends: Season 2: The One Where Old Yeller Dies","2019-08-10"
"Friends: Season 2: The One Where Eddie Won't Go","2019-08-09"
"Friends: Season 2: The One Where Dr. Ramoray Dies","2019-08-09"
"Friends: Season 2: The One After the Super Bowl: Part 2","2019-08-09"
"Friends: Season 2: The One Where Eddie Moves In","2019-08-08"
"Friends: Season 2: The One Where Joey Moves Out","2019-08-08"
"Friends: Season 2: The One Where Ross and Rachel...You Know","2019-08-08"
"Friends: Season 2: The One with the Prom Video","2019-08-08"
"Friends: Season 2: The One After the Super Bowl: Part 1","2019-08-08"
"Friends: Season 2: The One with the Lesbian Wedding","2019-08-08"
"Queer Eye: Season 4: Without Further Ado","2019-08-08"
"Friends: Season 1: The One Where the Monkey Gets Away","2019-08-08"
"Friends: Season 1: The One with Mrs. Bing","2019-08-08"
"Friends: Season 2: The One with Russ","2019-08-06"
"Friends: Season 2: The One with Phoebe's Dad","2019-08-06"
"Friends: Season 2: The One with the List","2019-08-06"
"Friends: Season 2: The One Where Ross Finds Out","2019-08-06"
"Friends: Season 2: The One with the Baby on the Bus","2019-08-06"
"Friends: Season 2: The One with Five Steaks and an Eggplant","2019-08-03"
"Friends: Season 2: The One with Phoebe's Husband","2019-08-02"
"Friends: Season 2: The One Where Heckles Dies","2019-08-02"
"Friends: Season 2: The One with the Breast Milk","2019-08-02"
"Friends: Season 2: The One with Ross's New Girlfriend","2019-08-02"
"Friends: Season 1: The One Where Rachel Finds Out","2019-08-02"
"Friends: Season 1: The One with the Birth","2019-08-02"
"Friends: Season 1: The One with the Ick Factor","2019-07-31"
"Friends: Season 1: The One with the Fake Monica","2019-07-31"
"Friends: Season 1: The One with the Evil Orthodontist","2019-07-31"
"Friends: Season 1: The One with All the Poker","2019-07-31"
"Friends: Season 1: The One with the Two Parts: Part 2","2019-07-30"
"Friends: Season 1: The One with the Two Parts: Part 1","2019-07-30"
"Friends: Season 1: The One with the Dozen Lasagnas","2019-07-30"
"Friends: Season 1: The One with the Stoned Guy","2019-07-29"
"Friends: Season 1: The One with the Candy Hearts","2019-07-29"
"Friends: Season 1: The One with the Boobies","2019-07-29"
"Friends: Season 1: The One with the Monkey","2019-07-29"
"Friends: Season 1: The One Where Underdog Gets Away","2019-07-29"
"Friends: Season 1: The One Where Nana Dies Twice","2019-07-29"
"Friends: Season 1: The One with the Blackout","2019-07-29"
"Friends: Season 1: The One with the Butt","2019-07-28"
"Friends: Season 1: The One with the East German Laundry Detergent","2019-07-27"
"Friends: Season 1: The One with George Stephanopoulos","2019-07-27"
"Friends: Season 1: The One with the Thumb","2019-07-27"
"Friends: Season 1: The One with the Sonogram at the End","2019-07-27"
"The Great Hack","2019-07-26"
"Friends: Season 1: The One Where Monica Gets a Roommate (Pilot)","2019-07-26"
"Black Mirror: Season 5: Striking Vipers","2019-07-26"
"15 August","2019-07-25"
"Shoplifters","2019-07-23"
"Oprah Winfrey Presents: When They See Us Now","2019-07-20"
"When They See Us: Limited Series: Part Four","2019-07-20"
"When They See Us: Limited Series: Part Three","2019-07-20"
"When They See Us: Limited Series: Part Two","2019-07-19"
"When They See Us: Limited Series: Part One","2019-07-18"
"Mad Men: Season 1: Marriage of Figaro","2019-07-08"
"Family Business: Season 1: Business Plan","2019-07-08"
"Mad Men: Season 1: Ladies Room","2019-07-06"
"Mad Men: Season 1: Smoke Gets in Your Eyes","2019-07-06"
"Bob Lazar: Area 51 & Flying Saucers","2019-07-06"
"Black Mirror: Season 5: Smithereens","2019-07-05"
"Mother's Day","2019-07-05"
"Fargo: Season 3: Somebody to Love","2019-07-04"
"Fargo: Season 3: Aporia","2019-07-04"
"Fargo: Season 3: Who Rules the Land of Denial?","2019-07-04"
"Fargo: Season 3: The Law of Inevitability","2019-07-04"
"Fargo: Season 3: The Lord of No Mercy","2019-07-04"
"Fargo: Season 3: The House of Special Purpose","2019-07-04"
"Fargo: Season 3: The Narrow Escape Problem","2019-07-03"
"Fargo: Season 3: The Law of Non-Contradiction","2019-07-03"
"Fargo: Season 3: The Principle of Restricted Choice","2019-07-03"
"Fargo: Season 3: The Law of Vacant Places","2019-07-02"
"Fargo: Season 2: Palindrome","2019-07-02"
"Fargo: Season 2: The Castle","2019-07-02"
"Fargo: Season 2: Loplop","2019-07-02"
"Fargo: Season 2: Did You Do This? No, You Did It!","2019-06-29"
"Fargo: Season 2: Rhinoceros","2019-06-29"
"Fargo: Season 2: The Gift of the Magi","2019-06-29"
"Fargo: Season 2: Fear and Trembling","2019-06-29"
"Fargo: Season 2: The Myth of Sysiphus","2019-06-29"
"Fargo: Season 2: Before the Law","2019-06-29"
"Fargo: Season 2: Waiting for Dutch","2019-06-28"
"Fargo: Season 1: Morton's Fork","2019-06-28"
"Fargo: Season 1: A Fox, a Rabbit and a Cabbage","2019-06-28"
"Fargo: Season 1: The Heap","2019-06-27"
"Fargo: Season 1: Who Shaves the Barber?","2019-06-27"
"Fargo: Season 1: Buridan's Ass","2019-06-26"
"Fargo: Season 1: The Six Ungraspables","2019-06-26"
"Fargo: Season 1: Eating the Blame","2019-06-26"
"Fargo: Season 1: A Muddy Road","2019-06-26"
"Fargo: Season 1: The Rooster Prince","2019-06-25"
"Fargo: Season 1: The Crocodile's Dilemma","2019-06-25"
"3 Seconds Divorce","2019-06-25"
"Leila: Season 1: Episode 1","2019-06-23"
"Leila: Season 1: Episode 6","2019-06-22"
"The Mindy Project: Season 1: Pilot","2019-06-19"
"Master of None: Season 2: Buona Notte","2019-06-19"
"Master of None: Season 2: Amarsi Un Po","2019-06-19"
"Master of None: Season 2: Thanksgiving","2019-06-18"
"Master of None: Season 2: Door #3","2019-06-18"
"Master of None: Season 2: New York, I Love You","2019-06-17"
"Master of None: Season 2: The Dinner Party","2019-06-17"
"Master of None: Season 2: First Date","2019-06-17"
"Master of None: Season 2: Religion","2019-06-17"
"Master of None: Season 2: Le Nozze","2019-06-17"
"Master of None: Season 2: The Thief","2019-06-17"
"Master of None: Season 1: Finale","2019-06-17"
"Master of None: Season 1: Mornings","2019-06-17"
"Master of None: Season 1: Old People","2019-06-17"
"Master of None: Season 1: Ladies and Gentlemen","2019-06-17"
"Master of None: Season 1: Nashville","2019-06-17"
"Master of None: Season 1: The Other Man","2019-06-17"
"Master of None: Season 1: Indians on TV","2019-06-17"
"Leila: Season 1: Episode 5","2019-06-17"
"Leila: Season 1: Episode 4","2019-06-16"
"Leila: Season 1: Episode 3","2019-06-16"
"Leila: Season 1: Episode 2","2019-06-16"
"Murder Mystery","2019-06-16"
"Bucket List","2019-06-16"
"Master of None: Season 1: Hot Ticket","2019-06-16"
"Master of None: Season 1: Parents","2019-06-16"
"Conan Without Borders: Season 1: Cuba","2019-06-16"
"Anthony Bourdain: Parts Unknown: Season 3: Mexico","2019-06-15"
"Anthony Bourdain: Parts Unknown: Season 3: Lyon","2019-06-15"
"Jane The Virgin: Season 5: Chapter Eighty-Nine","2019-06-15"
"Anthony Bourdain: Parts Unknown: Season 3: Las Vegas","2019-06-14"
"Gaga: Five Foot Two","2019-06-14"
"Rolling Thunder Revue: A Bob Dylan Story by Martin Scorsese","2019-06-14"
"Tuca & Bertie: Season 1: The New Bird","2019-06-13"
"Tuca & Bertie: Season 1: Yeast Week","2019-06-13"
"Anthony Bourdain: Parts Unknown: Season 3: Punjab","2019-06-12"
"Tales of the City: Limited Series: Coming Home","2019-06-12"
"Always Be My Maybe","2019-06-10"
"Brooklyn Nine-Nine: Season 6: The Suicide Squad","2019-06-09"
"Brooklyn Nine-Nine: Season 6: Sicko","2019-06-08"
"Brooklyn Nine-Nine: Season 6: Cinco de Mayo","2019-06-08"
"Brooklyn Nine-Nine: Season 6: Return of the King","2019-06-08"
"Brooklyn Nine-Nine: Season 6: Ticking Clocks","2019-06-08"
"Chopsticks","2019-06-08"
"Brooklyn Nine-Nine: Season 6: The Bimbo","2019-06-07"
"Brooklyn Nine-Nine: Season 6: Casecation","2019-06-07"
"Brooklyn Nine-Nine: Season 6: The Therapist","2019-06-07"
"Brooklyn Nine-Nine: Season 6: Gintars","2019-06-07"
"Brooklyn Nine-Nine: Season 6: The Golden Child","2019-06-07"
"Brooklyn Nine-Nine: Season 6: He Said, She Said","2019-06-07"
"Brooklyn Nine-Nine: Season 6: The Honeypot","2019-06-07"
"Brooklyn Nine-Nine: Season 6: The Crime Scene","2019-06-07"
"Sour Grapes","2019-06-04"
"Brooklyn Nine-Nine: Season 6: A Tale of Two Bandits","2019-06-01"
"Brooklyn Nine-Nine: Season 6: Four Movements","2019-06-01"
"Brooklyn Nine-Nine: Season 6: The Tattler","2019-06-01"
"Brooklyn Nine-Nine: Season 2: Stakeout","2019-06-01"
"Lost in Translation","2019-06-01"
"Tuca & Bertie: Season 1: The Open House","2019-06-01"
"Mard Ko Dard Nahi Hota","2019-05-31"
"BoJack Horseman: Season 5: The Stopped Show","2019-05-31"
"BoJack Horseman: Season 5: The Showstopper","2019-05-31"
"BoJack Horseman: Season 5: Head in the Clouds","2019-05-31"
"BoJack Horseman: Season 5: Ancient History","2019-05-31"
"BoJack Horseman: Season 5: Mr. Peanutbutter's Boos","2019-05-31"
"BoJack Horseman: Season 5: INT. SUB","2019-05-30"
"BoJack Horseman: Season 5: The Amelia Earhart Story","2019-05-27"
"BoJack Horseman: Season 5: BoJack the Feminist","2019-05-27"
"BoJack Horseman: Season 5: Planned Obsolescence","2019-05-27"
"BoJack Horseman: Season 5: The Dog Days Are Over","2019-05-27"
"BoJack Horseman: Season 5: The Light Bulb Scene","2019-05-27"
"BoJack Horseman: Season 4: What Time Is It Right Now","2019-05-27"
"BoJack Horseman: Season 4: Time's Arrow","2019-05-26"
"BoJack Horseman: Season 4: lovin that cali lifestyle!!","2019-05-26"
"BoJack Horseman: Season 4: Ruthie","2019-05-26"
"BoJack Horseman: Season 4: The Judge","2019-05-26"
"BoJack Horseman: Season 4: Underground","2019-05-24"
"BoJack Horseman: Season 4: Stupid Piece of Sh*t","2019-05-24"
"BoJack Horseman Christmas Special: Sabrina's Christmas Wish","2019-05-24"
"BoJack Horseman: Season 4: Thoughts and Prayers","2019-05-23"
"BoJack Horseman: Season 4: Commence Fracking","2019-05-23"
"BoJack Horseman: Season 4: Hooray! Todd Episode!","2019-05-23"
"BoJack Horseman: Season 4: The Old Sugarman Place","2019-05-23"
"BoJack Horseman: Season 4: See Mr. Peanutbutter Run","2019-05-22"
"BoJack Horseman: Season 3: That Went Well","2019-05-22"
"BoJack Horseman: Season 3: That's Too Much, Man!","2019-05-22"
"BoJack Horseman: Season 3: It's You","2019-05-21"
"BoJack Horseman: Season 3: Best Thing That Ever Happened","2019-05-21"
"BoJack Horseman: Season 3: Old Acquaintance","2019-05-21"
"BoJack Horseman: Season 3: Stop the Presses","2019-05-20"
"BoJack Horseman: Season 3: Brrap Brrap Pew Pew","2019-05-20"
"BoJack Horseman: Season 3: Love And/Or Marriage","2019-05-20"
"BoJack Horseman: Season 3: Fish Out Of Water","2019-05-20"
"BoJack Horseman: Season 3: BoJack Kills","2019-05-20"
"BoJack Horseman: Season 3: The BoJack Horseman Show","2019-05-20"
"BoJack Horseman: Season 3: Start Spreading the News","2019-05-20"
"BoJack Horseman: Season 2: Out to Sea","2019-05-19"
"BoJack Horseman: Season 2: Escape from L.A.","2019-05-19"
"BoJack Horseman: Season 2: Yes And","2019-05-18"
"BoJack Horseman: Season 2: The Shot","2019-05-18"
"BoJack Horseman: Season 2: Let's Find Out","2019-05-18"
"BoJack Horseman: Season 2: Hank After Dark","2019-05-18"
"BoJack Horseman: Season 2: Higher Love","2019-05-18"
"BoJack Horseman: Season 2: Chickens","2019-05-17"
"BoJack Horseman: Season 2: After the Party","2019-05-17"
"BoJack Horseman: Season 2: Still Broken","2019-05-15"
"BoJack Horseman: Season 2: Yesterdayland","2019-05-15"
"BoJack Horseman: Season 2: Brand New Couch","2019-05-15"
"BoJack Horseman: Season 1: Later","2019-05-14"
"BoJack Horseman: Season 1: Downer Ending","2019-05-14"
"BoJack Horseman: Season 1: One Trick Pony","2019-05-14"
"BoJack Horseman: Season 1: Horse Majeure","2019-05-14"
"BoJack Horseman: Season 1: The Telescope","2019-05-14"
"Someone Great","2019-05-14"
"Tuca & Bertie: Season 1: Plumage","2019-05-13"
"Tuca & Bertie: Season 1: The Sex Bugs","2019-05-13"
"Tuca & Bertie: Season 1: The Deli Guy","2019-05-13"
"Tuca & Bertie: Season 1: The Sugar Bowl","2019-05-13"
"BoJack Horseman: Season 1: Say Anything","2019-05-13"
"BoJack Horseman: Season 1: Our A-Story Is a 'D' Story","2019-05-13"
"BoJack Horseman: Season 1: Live Fast, Diane Nguyen","2019-05-12"
"BoJack Horseman: Season 1: Zoës and Zeldas","2019-05-12"
"BoJack Horseman: Season 1: Prickly-Muffin","2019-05-12"
"BoJack Horseman: Season 1: BoJack Hates the Troops","2019-05-12"
"BoJack Horseman: Season 1: BoJack Horseman: The BoJack Horseman Story, Chapter One","2019-05-12"
"Jane The Virgin: Season 5: Chapter Eighty-Eight","2019-05-11"
"Jane The Virgin: Season 5: Chapter Eighty-Seven","2019-05-10"
"Jane The Virgin: Season 5: Chapter Eighty-Six","2019-05-10"
"Jane The Virgin: Season 5: Chapter Eighty-Five","2019-05-09"
"Jane The Virgin: Season 5: Chapter Eighty-Four","2019-05-08"
"Knock Down The House","2019-05-04"
"Pulp Fiction","2019-04-28"
"Fury","2019-04-28"
"Kill Bill: Vol. 1","2019-04-28"
"Ex Machina","2019-04-26"
"The Boy Who Harnessed the Wind","2019-04-26"
"Chef's Table: Volume 6: Asma Khan","2019-04-22"
"The Creative Brain","2019-04-19"
"Brown Nation: Season 1: Farewell Papaji","2019-04-19"
"Call My Agent!: Season 3: ASK","2019-04-19"
"Call My Agent!: Season 3: Béatrice","2019-04-19"
"Call My Agent!: Season 3: Isabelle","2019-04-19"
"Call My Agent!: Season 3: Gérard","2019-04-19"
"Call My Agent!: Season 3: Monica","2019-04-19"
"Call My Agent!: Season 3: Jean","2019-04-18"
"Call My Agent!: Season 2: Juliette","2019-04-18"
"Call My Agent!: Season 2: Guy","2019-04-18"
"HOMECOMING: A film by Beyoncé","2019-04-18"
"Call My Agent!: Season 2: Isabelle","2019-04-18"
"Call My Agent!: Season 2: Norman","2019-04-18"
"Call My Agent!: Season 2: Fabrice Luchini","2019-04-18"
"Call My Agent!: Season 2: Virginie and Ramzy","2019-04-18"
"Call My Agent!: Season 1: François","2019-04-18"
"Call My Agent!: Season 1: Julie and Joey","2019-04-18"
"Call My Agent!: Season 1: Audrey","2019-04-18"
"Call My Agent!: Season 1: Nathalie and Laura","2019-04-17"
"Call My Agent!: Season 1: Line and Françoise","2019-04-17"
"Call My Agent!: Season 1: Cécile","2019-04-17"
"Chef's Table: Volume 6: Mashama Bailey","2019-04-16"
"Chef's Table: Volume 6: Sean Brock","2019-04-15"
"Chef's Table: Volume 6: Dario Cecchini","2019-04-14"
"The Calling: Season 1: Episode 1","2019-04-14"
"Ek Ladki Ko Dekha Toh Aisa Laga","2019-04-14"
"Kevin Hart: Irresponsible","2019-04-06"
"Jane The Virgin: Season 5: Chapter Eighty-Three","2019-04-04"
"Jane The Virgin: Season 5: Chapter Eighty-Two","2019-04-04"
"Marvel's Jessica Jones: Season 2: AKA Playland","2019-03-30"
"Marvel's Jessica Jones: Season 2: AKA Pray for My Patsy","2019-03-30"
"Marvel's Jessica Jones: Season 2: AKA Three Lives and Counting","2019-03-29"
"Marvel's Jessica Jones: Season 2: AKA Pork Chop","2019-03-29"
"India's Frontier Railways: Season 1: The Samjhauta Express","2019-03-28"
"Marvel's Jessica Jones: Season 2: AKA Shark in the Bathtub, Monster in the Bed","2019-03-25"
"Marvel's Jessica Jones: Season 2: AKA Ain’t We Got Fun","2019-03-25"
"Marvel's Jessica Jones: Season 2: AKA I Want Your Cray Cray","2019-03-25"
"Marvel's Jessica Jones: Season 2: AKA Facetime","2019-03-24"
"Girl","2019-03-24"
"Marvel's Jessica Jones: Season 2: AKA The Octopus","2019-03-23"
"Marvel's Jessica Jones: Season 2: AKA God Help the Hobo","2019-03-23"
"Marvel's Jessica Jones: Season 2: AKA Sole Survivor","2019-03-23"
"India's Frontier Railways: Season 1: Maitree Express","2019-03-23"
"Marvel's Jessica Jones: Season 2: AKA Freak Accident","2019-03-21"
"Marvel's Jessica Jones: Season 2: AKA Start at the Beginning","2019-03-17"
"Marvel's Jessica Jones: Season 1: AKA Smile","2019-03-17"
"Marvel's Jessica Jones: Season 1: AKA Take a Bloody Number","2019-03-16"
"Marvel's Jessica Jones: Season 1: AKA I've Got the Blues","2019-03-14"
"Marvel's Jessica Jones: Season 1: AKA 1,000 Cuts","2019-03-14"
"Marvel's Jessica Jones: Season 1: AKA Sin Bin","2019-03-09"
"Marvel's Jessica Jones: Season 1: AKA WWJD?","2019-03-09"
"Marvel's Jessica Jones: Season 1: AKA Top Shelf Perverts","2019-03-09"
"Heal","2019-03-09"
"Marvel's Jessica Jones: Season 1: AKA You're a Winner!","2019-03-04"
"Marvel's Jessica Jones: Season 1: AKA The Sandwich Saved Me","2019-03-04"
"Marvel's Jessica Jones: Season 1: AKA 99 Friends","2019-03-04"
"Chef's Table: Volume 1: Francis Mallmann","2019-02-23"
"Chef's Table: Volume 1: Dan Barber","2019-02-23"
"Dating Around: Season 1: Lex","2019-02-19"
"Dating Around: Season 1: Gurki","2019-02-19"
"Dating Around: Season 1: Luke","2019-02-19"
"Workin' Moms: Season 2: Look Back","2019-02-17"
"Workin' Moms: Season 2: If Women Had to Give Birth","2019-02-17"
"Workin' Moms: Season 2: Trash Panda","2019-02-17"
"Workin' Moms: Season 2: Cuck","2019-02-16"
"Workin' Moms: Season 2: Spirit Animal","2019-02-16"
"Workin' Moms: Season 2: Red Handed","2019-02-16"
"Workin' Moms: Season 2: Retreat","2019-02-16"
"Workin' Moms: Season 2: Shame Spiral","2019-02-16"
"Workin' Moms: Season 2: Consent","2019-02-16"
"Workin' Moms: Season 2: The Holy Hole","2019-02-16"
"Flavorful Origins: Chaoshan Cuisine: Hu Tieu","2019-02-13"
"Flavorful Origins: Chaoshan Cuisine: Olives","2019-02-13"
"Workin' Moms: Season 2: The Sign","2019-02-13"
"Workin' Moms: Season 2: Good Mom","2019-02-13"
"Workin' Moms: Season 2: 2005","2019-02-13"
"Workin' Moms: Season 1: Finale","2019-02-13"
"Workin' Moms: Season 1: Merde","2019-02-13"
"Workin' Moms: Season 1: Bye Bye Kate","2019-02-13"
"Workin' Moms: Season 1: The Coxswain","2019-02-13"
"Workin' Moms: Season 1: Tricky Nipple","2019-02-13"
"Workin' Moms: Season 1: Popsicle and a Hoop Earring","2019-02-12"
"Workin' Moms: Season 1: Phoenix Rising","2019-02-12"
"Workin' Moms: Season 1: The Wolf and the Rabbit","2019-02-12"
"Workin' Moms: Season 1: Sophie's Choice-ish","2019-02-12"
"Workin' Moms: Season 1: Bad Help","2019-02-12"
"Workin' Moms: Season 1: Fem Card","2019-02-12"
"Workin' Moms: Season 1: Rules","2019-02-12"
"Russian Doll: Season 1: Ariadne","2019-02-08"
"Russian Doll: Season 1: The Way Out","2019-02-08"
"Russian Doll: Season 1: Reflection","2019-02-08"
"Russian Doll: Season 1: Superiority Complex","2019-02-08"
"Russian Doll: Season 1: Alan's Routine","2019-02-08"
"Russian Doll: Season 1: A Warm Body","2019-02-08"
"Russian Doll: Season 1: The Great Escape","2019-02-07"
"Russian Doll: Season 1: Nothing in This World Is Easy","2019-02-07"
"Workin' Moms: Season 1: Pilot","2019-02-07"
"Friends from College: Season 2: The Wedding","2019-02-05"
"Friends from College: Season 2: Fireworks","2019-02-05"
"Friends from College: Season 2: Free Fall","2019-02-04"
"Friends from College: Season 2: Old Habits","2019-02-04"
"Friends from College: Season 2: The Bachelor Party","2019-02-04"
"Friends from College: Season 2: Out All Night","2019-02-04"
"Friends from College: Season 2: Storage Unit","2019-02-04"
"Friends from College: Season 2: The Engagement Party","2019-02-02"
"Friends from College: Season 1: A Night of Surprises","2019-02-02"
"Friends from College: Season 1: Grand Cayman","2019-02-02"
"Friends from College: Season 1: Second Wedding","2019-02-02"
"Friends from College: Season 1: Party Bus","2019-02-02"
"Friends from College: Season 1: Mission Impossible","2019-01-31"
"Friends from College: Season 1: All-Nighter","2019-01-31"
"A Series of Unfortunate Events: Season 1: The Reptile Room: Part Two","2019-01-28"
"A Series of Unfortunate Events: Season 1: The Wide Window: Part One","2019-01-28"
"Anthony Bourdain: Parts Unknown: Season 1: Tangier (Morocco)","2019-01-28"
"Anthony Bourdain: Parts Unknown: Season 1: Quebec","2019-01-26"
"Anthony Bourdain: Parts Unknown: Season 1: Myanmar","2019-01-26"
"Anthony Bourdain: Parts Unknown: Season 1: Colombia","2019-01-26"
"Sex Education: Season 1: Episode 8","2019-01-26"
"Sex Education: Season 1: Episode 7","2019-01-26"
"Sex Education: Season 1: Episode 6","2019-01-26"
"Sex Education: Season 1: Episode 5","2019-01-25"
"Sex Education: Season 1: Episode 4","2019-01-25"
"Sex Education: Season 1: Episode 3","2019-01-25"
"Sex Education: Season 1: Episode 2","2019-01-25"
"Sex Education: Season 1: Episode 1","2019-01-25"
"Conversations with a Killer: The Ted Bundy Tapes: Limited Series: Handsome Devil","2019-01-25"
"Anthony Bourdain: Parts Unknown: Season 1: Los Angeles (Koreatown)","2019-01-23"
"Ugly Delicious: Season 1: Pizza","2019-01-23"
"You: Season 1: Bluebeard's Castle","2019-01-22"
"You: Season 1: Candace","2019-01-22"
"You: Season 1: You Got Me, Babe","2019-01-22"
"You: Season 1: Everythingship","2019-01-22"
"You: Season 1: Amour Fou","2019-01-21"
"You: Season 1: Living with the Enemy","2019-01-21"
"You: Season 1: The Captain","2019-01-21"
"You: Season 1: Maybe","2019-01-14"
"You: Season 1: The Last Nice Guy in New York","2019-01-14"
"You: Season 1: Pilot","2019-01-13"
"The Ballad of Buster Scruggs","2019-01-07"
"COMEDIANS of the world: Canada (EN): Ivan Decker","2019-01-04"
"COMEDIANS of the world: Canada (EN): DeAnne Smith","2019-01-04"
"Black Mirror: Bandersnatch","2019-01-04"
"Brooklyn Nine-Nine: Season 2: The Pontiac Bandit Returns","2019-01-01"
"Brooklyn Nine-Nine: Season 1: The Tagger","2019-01-01"
"Brooklyn Nine-Nine: Season 1: Pilot","2019-01-01"
"Tidying Up with Marie Kondo: Season 1: The Downsizers","2019-01-01"
"Tidying Up with Marie Kondo: Season 1: Empty Nesters","2019-01-01"
"Bodyguard: Season 1: Episode 6","2018-12-28"
"Bodyguard: Season 1: Episode 5","2018-12-28"
"Bodyguard: Season 1: Episode 4","2018-12-28"
"Bodyguard: Season 1: Episode 3","2018-12-27"
"Bodyguard: Season 1: Episode 2","2018-12-27"
"Bodyguard: Season 1: Episode 1","2018-12-27"
"Bird Box","2018-12-26"
"Sense8: Season 1: Limbic Resonance","2018-12-26"
"Sense8: Season 2: Amor Vincit Omnia","2018-12-26"
"Sense8: Season 2: You Want a War?","2018-12-26"
"Sense8: Season 2: If All the World's a Stage, Identity Is Nothing But a Costume","2018-12-26"
"Sense8: Season 2: What Family Actually Means","2018-12-26"
"Sense8: Season 2: All I Want Right Now Is One More Bullet","2018-12-26"
"Sense8: Season 2: I Have No Room In My Heart For Hate","2018-12-24"
"Sense8: Season 2: Isolated Above, Connected Below","2018-12-23"
"Sense8: Season 2: Fear Never Fixed Anything","2018-12-22"
"Sense8: Season 2: Polyphony","2018-12-22"
"Sense8: Season 2: Obligate Mutualisms","2018-12-22"
"Sense8: Season 2: Who Am I?","2018-12-22"
"Sense8: Season 2: Happy F*cking New Year.","2018-12-21"
"Sense8: Season 1: I Can’t Leave Her","2018-12-21"
"Sense8: Season 1: Just Turn the Wheel and the Future Changes","2018-12-21"
"Sense8: Season 1: What Is Human?","2018-12-21"
"Sense8: Season 1: Death Doesn’t Let You Say Goodbye","2018-12-21"
"Sense8: Season 1: We Will All Be Judged by the Courage of Our Hearts","2018-12-21"
"Sense8: Season 1: W. W. N. Double D?","2018-12-21"
"Sense8: Season 1: Demons","2018-12-20"
"Andhadhun","2018-12-20"
"Sense8: Season 1: Art Is Like Religion","2018-12-19"
"Sense8: Season 1: What’s Going On?","2018-12-19"
"Sense8: Season 1: Smart Money Is on the Skinny Bitch","2018-12-19"
"Sense8: Season 1: I Am Also a We","2018-12-19"
"Flint Town: Season 1: The Rat Pack","2018-12-19"
"Eternal Sunshine of the Spotless Mind","2018-12-19"
"Ellen DeGeneres: Relatable: Special: Relatable","2018-12-19"
"Christiane Amanpour: Sex & Love Around the World: Season 1: Shanghai","2018-12-18"
"Christiane Amanpour: Sex & Love Around the World: Season 1: Accra","2018-12-18"
"Christiane Amanpour: Sex & Love Around the World: Season 1: Berlin","2018-12-18"
"Christiane Amanpour: Sex & Love Around the World: Season 1: Beirut","2018-12-18"
"Christiane Amanpour: Sex & Love Around the World: Season 1: Delhi","2018-12-14"
"Christiane Amanpour: Sex & Love Around the World: Season 1: Tokyo","2018-12-13"
"Vir Das: Losing It","2018-12-13"
"Mowgli: Legend of the Jungle","2018-12-13"
"Nothing to Hide","2018-12-11"
"Snowden","2018-12-09"
"Kung Fu Panda: Holiday","2018-12-09"
"GoodFellas","2018-12-09"
"You Laugh But It's True","2018-12-06"
"Fireplace for Your Home: Season 1: Crackling Yule Log Fireplace","2018-12-03"
"Trevor Noah: Afraid of the Dark","2018-12-02"
"Wanderlust: Season 1: Episode 6","2018-12-02"
"Wanderlust: Season 1: Episode 5","2018-12-01"
"Wanderlust: Season 1: Episode 4","2018-12-01"
"Wanderlust: Season 1: Episode 3","2018-11-29"
"God Knows Where I Am","2018-11-28"
"Wanderlust: Season 1: Episode 2","2018-11-27"
"Wanderlust: Season 1: Episode 1","2018-11-26"
"The Final Table: Season 1: USA","2018-11-26"
"The Final Table: Season 1: India","2018-11-26"
"The Final Table: Season 1: Spain","2018-11-26"
"The Final Table: Season 1: Mexico","2018-11-26"
"Trevor Noah: Son of Patricia","2018-11-23"
"Salt Fat Acid Heat: Season 1: Salt","2018-11-11"
"Salt Fat Acid Heat: Season 1: Fat","2018-11-11"
"Chef's Table: Volume 5: Musa Dağdeviren","2018-11-07"
"Anthony Bourdain: Parts Unknown: Season 8: Rome","2018-11-04"
"Flint Town: Season 1: Two Guns","2018-11-01"
"Flint Town: Season 1: Welcome to Flint Town","2018-11-01"
"Feminists: What Were They Thinking?","2018-10-29"
"Patriot Act with Hasan Minhaj: Volume 1: Saudi Arabia","2018-10-29"
"Patriot Act with Hasan Minhaj: Volume 1: Affirmative Action","2018-10-29"
"Lost in Space: Season 1: Impact","2018-10-25"
"Dark Tourist: Season 1: Back in the USA","2018-10-22"
"Chef's Table: Volume 5: Cristina Martínez","2018-10-22"
"Salt Fat Acid Heat: Season 1: Acid","2018-10-22"
"Salt Fat Acid Heat: Season 1: Heat","2018-10-21"
"Explained: Season 1: Astrology","2018-10-16"
"Big Eyes","2018-10-08"
"Explained: Season 1: Can We Live Forever?","2018-09-28"
"Explained: Season 1: K-Pop","2018-09-28"
"Dark Tourist: Season 1: Africa","2018-09-25"
"Dark Tourist: Season 1: South East Asia","2018-09-22"
"Dark Tourist: Season 1: Europe","2018-09-22"
"Dark Tourist: Season 1: The Stans","2018-09-21"
"Dark Tourist: Season 1: United States","2018-09-19"
"Dark Tourist: Season 1: Japan","2018-09-17"
"Dark Tourist: Season 1: Latin America","2018-09-17"
"Explained: Season 1: Why Diets Fail","2018-09-16"
"Jane The Virgin: Season 4: Chapter Eighty-One","2018-09-16"
"Jane The Virgin: Season 4: Chapter Eighty","2018-09-16"
"Jane The Virgin: Season 4: Chapter Seventy-Nine","2018-09-16"
"Jane The Virgin: Season 4: Chapter Seventy-Eight","2018-09-16"
"Jane The Virgin: Season 4: Chapter Seventy-Seven","2018-09-16"
"Jane The Virgin: Season 4: Chapter Seventy-Six","2018-09-15"
"Jane The Virgin: Season 4: Chapter Seventy-Five","2018-09-15"
"Jane The Virgin: Season 4: Chapter Seventy-Four","2018-09-15"
"Jane The Virgin: Season 4: Chapter Seventy-Three","2018-09-15"
"Jane The Virgin: Season 4: Chapter Seventy-Two","2018-09-15"
"Jane The Virgin: Season 4: Chapter Seventy-One","2018-09-15"
"Jane The Virgin: Season 4: Chapter Seventy","2018-09-15"
"Jane The Virgin: Season 4: Chapter Sixty-Nine","2018-09-15"
"Jane The Virgin: Season 4: Chapter Sixty-Eight","2018-09-15"
"Jane The Virgin: Season 4: Chapter Sixty-Seven","2018-09-15"
"Jane The Virgin: Season 4: Chapter Sixty-Six","2018-09-15"
"Jane The Virgin: Season 4: Chapter Sixty-Five","2018-09-15"
"Jane The Virgin: Season 3: Chapter Sixty-Four","2018-09-15"
"Jane The Virgin: Season 3: Chapter Sixty-Three","2018-09-14"
"Jane The Virgin: Season 3: Chapter Sixty-Two","2018-09-14"
"Jane The Virgin: Season 3: Chapter Sixty-One","2018-09-14"
"Jane The Virgin: Season 3: Chapter Sixty","2018-09-13"
"Jane The Virgin: Season 3: Chapter Fifty-Nine","2018-09-13"
"Jane The Virgin: Season 3: Chapter Fifty-Eight","2018-09-13"
"Jane The Virgin: Season 3: Chapter Fifty-Seven","2018-09-12"
"Jane The Virgin: Season 3: Chapter Fifty-Six","2018-09-12"
"Jane The Virgin: Season 3: Chapter Fifty-Five","2018-09-12"
"Jane The Virgin: Season 3: Chapter Fifty-Four","2018-09-12"
"Jane The Virgin: Season 3: Chapter Fifty-Three","2018-09-06"
"Jane The Virgin: Season 3: Chapter Fifty-Two","2018-09-06"
"Jane The Virgin: Season 3: Chapter Fifty-One","2018-09-05"
"Jane The Virgin: Season 3: Chapter Fifty","2018-09-05"
"Jane The Virgin: Season 3: Chapter Forty-Nine","2018-09-04"
"Jane The Virgin: Season 3: Chapter Forty-Eight","2018-09-04"
"Jane The Virgin: Season 3: Chapter Forty-Seven","2018-09-04"
"Jane The Virgin: Season 3: Chapter Forty-Six","2018-09-03"
"Jane The Virgin: Season 3: Chapter Forty-Five","2018-09-03"
"Jane The Virgin: Season 2: Chapter Forty-Four","2018-09-03"
"Jane The Virgin: Season 2: Chapter Forty-Three","2018-09-01"
"Jane The Virgin: Season 2: Chapter Forty-One","2018-08-31"
"Jane The Virgin: Season 2: Chapter Forty","2018-08-31"
"Jane The Virgin: Season 2: Chapter Thirty-Nine","2018-08-31"
"How the Grinch Stole Christmas","2018-08-30"
"Master of None: Season 1: Plan B","2018-08-28"
"To All the Boys I’ve Loved Before","2018-08-28"
"Carrie Pilby","2018-08-25"
"The Nice Guys","2018-08-25"
"Snatch","2018-08-25"
"The Shawshank Redemption","2018-08-25"
"Comedians in Cars Getting Coffee: New 2018: Freshly Brewed: Ellen DeGeneres: You Said It Wasn’t Funny","2018-08-25"
